{"stats":{"minecraft:crafted":{"minecraft:oak_planks":44,"minecraft:crafting_table":2,"minecraft:stick":8,"minecraft:wooden_pickaxe":1,"minecraft:stone_pickaxe":1},"minecraft:dropped":{"minecraft:dirt":3,"minecraft:wooden_pickaxe":2},"minecraft:mined":{"minecraft:grass":3,"minecraft:grass_block":2,"minecraft:oak_log":13,"minecraft:spruce_leaves":3,"minecraft:spruce_log":2,"minecraft:stone":3,"minecraft:lily_pad":1,"minecraft:diorite":11},"minecraft:custom":{"minecraft:time_since_rest":16027,"minecraft:play_one_minute":16027,"minecraft:damage_taken":20,"minecraft:walk_one_cm":13445,"minecraft:drop":5,"minecraft:jump":83,"minecraft:damage_dealt":14,"minecraft:leave_game":6,"minecraft:time_since_death":16027,"minecraft:walk_on_water_one_cm":2962,"minecraft:climb_one_cm":478,"minecraft:interact_with_crafting_table":5,"minecraft:fly_one_cm":133,"minecraft:fall_one_cm":670},"minecraft:picked_up":{"minecraft:stick":2,"minecraft:wooden_pickaxe":2,"minecraft:oak_log":13,"minecraft:diorite":11,"minecraft:spruce_log":2,"minecraft:oak_planks":1,"minecraft:dirt":5,"minecraft:cobblestone":3,"minecraft:egg":1},"minecraft:used":{"minecraft:diorite":10,"minecraft:crafting_table":2,"minecraft:stone_pickaxe":2,"minecraft:wooden_pickaxe":17}},"DataVersion":2586}