{"stats":{"minecraft:mined":{"minecraft:purple_bed":1,"minecraft:spruce_log":10,"minecraft:spruce_door":1,"minecraft:crafting_table":2,"minecraft:torch":1,"minecraft:coal_ore":6,"minecraft:stone":24},"minecraft:crafted":{"minecraft:wooden_sword":1,"minecraft:crafting_table":1,"minecraft:spruce_planks":16,"minecraft:stick":8,"minecraft:wooden_pickaxe":1,"minecraft:stone_pickaxe":1,"minecraft:wooden_axe":1,"minecraft:stone_sword":1},"minecraft:killed":{"minecraft:skeleton":1,"minecraft:zombie":1},"minecraft:custom":{"minecraft:time_since_rest":72,"minecraft:sprint_one_cm":8,"minecraft:damage_taken":800,"minecraft:walk_one_cm":74562,"minecraft:mob_kills":2,"minecraft:damage_dealt":628,"minecraft:interact_with_crafting_table":3,"minecraft:fly_one_cm":1190,"minecraft:open_chest":2,"minecraft:play_one_minute":9278,"minecraft:deaths":3,"minecraft:jump":165,"minecraft:leave_game":3,"minecraft:time_since_death":51,"minecraft:sleep_in_bed":1,"minecraft:fall_one_cm":2880},"minecraft:killed_by":{"minecraft:skeleton":1,"minecraft:zombie":2},"minecraft:picked_up":{"minecraft:wooden_axe":1,"minecraft:crafting_table":2,"minecraft:stick":3,"minecraft:gravel":1,"minecraft:spruce_log":19,"minecraft:spruce_door":1,"minecraft:bone":1,"minecraft:arrow":2,"minecraft:purple_bed":1,"minecraft:rotten_flesh":5,"minecraft:coal":6,"minecraft:cobblestone":26},"minecraft:used":{"minecraft:wooden_axe":3,"minecraft:stone_sword":18,"minecraft:stone_pickaxe":14,"minecraft:wooden_pickaxe":18,"minecraft:crafting_table":2,"minecraft:spruce_log":3}},"DataVersion":2586}