{"stats":{"minecraft:crafted":{"minecraft:stick":4,"minecraft:stone_pickaxe":2,"minecraft:torch":4},"minecraft:killed":{"minecraft:zombie":2,"minecraft:spider":1},"minecraft:dropped":{"minecraft:crafting_table":1,"minecraft:spruce_sapling":1},"minecraft:mined":{"minecraft:purple_bed":1,"minecraft:spruce_planks":5,"minecraft:glass_pane":1,"minecraft:crafting_table":1,"minecraft:spruce_trapdoor":2,"minecraft:torch":1,"minecraft:grass":2,"minecraft:grass_block":8,"minecraft:coal_ore":30,"minecraft:chest":1,"minecraft:dirt":55,"minecraft:stone":130,"minecraft:diorite":1},"minecraft:custom":{"minecraft:time_since_rest":3129,"minecraft:sprint_one_cm":4828,"minecraft:damage_taken":85,"minecraft:walk_one_cm":93299,"minecraft:mob_kills":3,"minecraft:drop":2,"minecraft:damage_dealt":508,"minecraft:interact_with_crafting_table":2,"minecraft:fly_one_cm":2085,"minecraft:open_chest":9,"minecraft:play_one_minute":26422,"minecraft:bell_ring":27,"minecraft:jump":218,"minecraft:leave_game":11,"minecraft:time_since_death":26422,"minecraft:sleep_in_bed":4,"minecraft:fall_one_cm":3804},"minecraft:picked_up":{"minecraft:crafting_table":1,"minecraft:torch":1,"minecraft:spruce_sapling":5,"minecraft:diorite":1,"minecraft:dirt":62,"minecraft:purple_bed":1,"minecraft:spruce_planks":5,"minecraft:coal":30,"minecraft:chest":1,"minecraft:spruce_trapdoor":2,"minecraft:cobblestone":129},"minecraft:broken":{"minecraft:stone_pickaxe":1,"minecraft:wooden_pickaxe":1},"minecraft:used":{"minecraft:stone_sword":18,"minecraft:stone_pickaxe":165,"minecraft:spruce_planks":19,"minecraft:wooden_pickaxe":40,"minecraft:spruce_trapdoor":1,"minecraft:stone_axe":31,"minecraft:cobblestone":3,"minecraft:mutton":2,"minecraft:purple_bed":2}},"DataVersion":2586}