{"stats":{"minecraft:mined":{"minecraft:purple_bed":6,"minecraft:spruce_planks":2,"minecraft:glass_pane":1,"minecraft:mossy_cobblestone":1,"minecraft:sweet_berry_bush":4,"minecraft:cobblestone_stairs":1,"minecraft:spruce_log":5,"minecraft:pumpkin":3,"minecraft:torch":5,"minecraft:crafting_table":1,"minecraft:grass_block":6,"minecraft:oak_log":3,"minecraft:vine":2,"minecraft:dirt":16,"minecraft:cobblestone":27,"minecraft:spruce_leaves":4,"minecraft:stone":36,"minecraft:oak_leaves":1,"minecraft:blue_bed":1,"minecraft:wall_torch":2},"minecraft:crafted":{"minecraft:wooden_sword":1,"minecraft:oak_planks":12,"minecraft:spruce_wood":3,"minecraft:crafting_table":1,"minecraft:stick":24,"minecraft:spruce_planks":16,"minecraft:stone_pickaxe":1,"minecraft:wooden_pickaxe":1,"minecraft:wooden_axe":1,"minecraft:chest":1},"minecraft:dropped":{"minecraft:sweet_berries":1,"minecraft:torch":22,"minecraft:oak_sapling":1,"minecraft:rotten_flesh":1,"minecraft:spruce_sapling":2,"minecraft:bone":2,"minecraft:emerald":3},"minecraft:custom":{"minecraft:time_since_rest":10287,"minecraft:sprint_one_cm":63393,"minecraft:damage_taken":505,"minecraft:walk_one_cm":69209,"minecraft:drop":7,"minecraft:damage_dealt":148,"minecraft:swim_one_cm":4196,"minecraft:interact_with_crafting_table":4,"minecraft:fly_one_cm":25542,"minecraft:open_chest":16,"minecraft:play_one_minute":23769,"minecraft:crouch_one_cm":33,"minecraft:sneak_time":19,"minecraft:deaths":1,"minecraft:walk_under_water_one_cm":1348,"minecraft:jump":411,"minecraft:leave_game":7,"minecraft:time_since_death":13951,"minecraft:walk_on_water_one_cm":2898,"minecraft:sleep_in_bed":3,"minecraft:climb_one_cm":162,"minecraft:fall_one_cm":6624},"minecraft:killed_by":{"minecraft:skeleton":1},"minecraft:picked_up":{"minecraft:stick":22,"minecraft:crafting_table":2,"minecraft:sweet_berries":16,"minecraft:pumpkin":3,"minecraft:torch":27,"minecraft:wooden_pickaxe":1,"minecraft:potato":4,"minecraft:oak_log":3,"minecraft:spruce_sapling":2,"minecraft:spruce_log":10,"minecraft:cobblestone_stairs":1,"minecraft:dirt":42,"minecraft:blue_bed":2,"minecraft:mossy_cobblestone":1,"minecraft:bone":2,"minecraft:purple_bed":7,"minecraft:rotten_flesh":1,"minecraft:spruce_planks":10,"minecraft:stone_pickaxe":1,"minecraft:emerald":3,"minecraft:oak_sapling":3,"minecraft:cobblestone":85},"minecraft:used":{"minecraft:wooden_axe":11,"minecraft:stone_pickaxe":54,"minecraft:chest":1,"minecraft:blue_bed":1,"minecraft:wooden_pickaxe":33,"minecraft:wooden_sword":11,"minecraft:dirt":2,"minecraft:cobblestone":40,"minecraft:purple_bed":3,"minecraft:sweet_berries":20,"minecraft:crafting_table":1,"minecraft:potato":7}},"DataVersion":2586}