{"stats":{"minecraft:mined":{"minecraft:large_fern":2,"minecraft:purple_bed":3,"minecraft:spruce_planks":3,"minecraft:cobblestone_wall":1,"minecraft:spruce_log":15,"minecraft:andesite":2,"minecraft:grass_path":2,"minecraft:spruce_trapdoor":1,"minecraft:torch":1,"minecraft:grass_block":1,"minecraft:vine":1,"minecraft:chest":1,"minecraft:dirt":4,"minecraft:campfire":1,"minecraft:cobblestone":8,"minecraft:spruce_leaves":1,"minecraft:stone":44},"minecraft:crafted":{"minecraft:wooden_sword":2,"minecraft:crafting_table":2,"minecraft:spruce_wood":3,"minecraft:spruce_planks":76,"minecraft:stick":20,"minecraft:wooden_pickaxe":2,"minecraft:stone_pickaxe":1,"minecraft:wooden_axe":2,"minecraft:stone_sword":1,"minecraft:stone_axe":1},"minecraft:killed":{"minecraft:zombie":1},"minecraft:broken":{"minecraft:wooden_axe":1},"minecraft:custom":{"minecraft:time_since_rest":10623,"minecraft:sprint_one_cm":1182,"minecraft:damage_taken":620,"minecraft:walk_one_cm":91895,"minecraft:mob_kills":1,"minecraft:damage_dealt":319,"minecraft:interact_with_crafting_table":4,"minecraft:fly_one_cm":1680,"minecraft:talked_to_villager":2,"minecraft:open_chest":9,"minecraft:play_one_minute":23913,"minecraft:deaths":2,"minecraft:walk_under_water_one_cm":634,"minecraft:jump":362,"minecraft:leave_game":11,"minecraft:time_since_death":12353,"minecraft:walk_on_water_one_cm":1597,"minecraft:sleep_in_bed":6,"minecraft:fall_one_cm":6408},"minecraft:picked_up":{"minecraft:wooden_axe":2,"minecraft:charcoal":6,"minecraft:crafting_table":1,"minecraft:andesite":2,"minecraft:torch":1,"minecraft:cobblestone_wall":1,"minecraft:spruce_log":43,"minecraft:dirt":8,"minecraft:rotten_flesh":3,"minecraft:purple_bed":5,"minecraft:spruce_planks":7,"minecraft:chest":1,"minecraft:spruce_trapdoor":1,"minecraft:cobblestone":52},"minecraft:used":{"minecraft:wooden_axe":34,"minecraft:stone_pickaxe":31,"minecraft:spruce_trapdoor":1,"minecraft:spruce_planks":1,"minecraft:chest":1,"minecraft:wooden_pickaxe":24,"minecraft:torch":1,"minecraft:dirt":2,"minecraft:purple_bed":3,"minecraft:crafting_table":2}},"DataVersion":2586}