{"stats":{"minecraft:crafted":{"minecraft:crafting_table":3,"minecraft:spruce_planks":172,"minecraft:wooden_pickaxe":1,"minecraft:iron_sword":1,"minecraft:spruce_door":3,"minecraft:furnace":1,"minecraft:bucket":1,"minecraft:stone_axe":2,"minecraft:air":0,"minecraft:stick":12,"minecraft:iron_ingot":8,"minecraft:iron_pickaxe":1,"minecraft:stone_pickaxe":1,"minecraft:chest":1,"minecraft:torch":24},"minecraft:killed":{"minecraft:sheep":1,"minecraft:skeleton":2,"minecraft:zombie":1},"minecraft:mined":{"minecraft:spruce_planks":8,"minecraft:spruce_door":3,"minecraft:crafting_table":2,"minecraft:torch":2,"minecraft:granite":7,"minecraft:grass_block":44,"minecraft:chest":1,"minecraft:spruce_leaves":10,"minecraft:diorite":1,"minecraft:wall_torch":1,"minecraft:large_fern":1,"minecraft:purple_bed":2,"minecraft:furnace":1,"minecraft:iron_ore":8,"minecraft:spruce_log":43,"minecraft:bell":1,"minecraft:coal_ore":21,"minecraft:dirt":68,"minecraft:stone":228},"minecraft:custom":{"minecraft:interact_with_furnace":6,"minecraft:mob_kills":4,"minecraft:interact_with_crafting_table":14,"minecraft:play_one_minute":54120,"minecraft:leave_game":23,"minecraft:time_since_death":2186,"minecraft:sleep_in_bed":8,"minecraft:climb_one_cm":277,"minecraft:time_since_rest":2210,"minecraft:sprint_one_cm":119667,"minecraft:damage_taken":780,"minecraft:walk_one_cm":187511,"minecraft:damage_dealt":716,"minecraft:swim_one_cm":1779,"minecraft:talked_to_villager":1,"minecraft:fly_one_cm":136792,"minecraft:open_chest":9,"minecraft:crouch_one_cm":526,"minecraft:deaths":2,"minecraft:sneak_time":191,"minecraft:walk_under_water_one_cm":1555,"minecraft:jump":1035,"minecraft:walk_on_water_one_cm":8306,"minecraft:fall_one_cm":22011},"minecraft:killed_by":{"minecraft:skeleton":2},"minecraft:picked_up":{"minecraft:wooden_axe":1,"minecraft:crafting_table":2,"minecraft:water_bucket":1,"minecraft:wooden_pickaxe":1,"minecraft:potato":4,"minecraft:dirt":236,"minecraft:wooden_sword":1,"minecraft:bone":14,"minecraft:spruce_planks":11,"minecraft:bell":2,"minecraft:stone_pickaxe":3,"minecraft:iron_ore":16,"minecraft:iron_pickaxe":1,"minecraft:chest":2,"minecraft:oak_planks":4,"minecraft:iron_sword":1,"minecraft:furnace":3,"minecraft:stick":30,"minecraft:pumpkin":3,"minecraft:torch":26,"minecraft:spruce_sapling":13,"minecraft:spruce_log":44,"minecraft:spruce_door":8,"minecraft:pumpkin_seeds":9,"minecraft:arrow":4,"minecraft:purple_bed":3,"minecraft:rotten_flesh":3,"minecraft:stone_axe":1,"minecraft:granite":21,"minecraft:gray_wool":3,"minecraft:emerald":11,"minecraft:mutton":3,"minecraft:coal":44,"minecraft:cobblestone":514},"minecraft:used":{"minecraft:water_bucket":7,"minecraft:spruce_door":5,"minecraft:stone_pickaxe":47,"minecraft:oak_planks":4,"minecraft:chest":2,"minecraft:spruce_planks":138,"minecraft:wooden_pickaxe":12,"minecraft:iron_sword":14,"minecraft:torch":35,"minecraft:dirt":30,"minecraft:mutton":1,"minecraft:crafting_table":3,"minecraft:wooden_axe":2,"minecraft:bread":6,"minecraft:iron_pickaxe":221,"minecraft:spruce_sapling":3,"minecraft:stone_axe":75,"minecraft:cobblestone":23,"minecraft:purple_bed":3,"minecraft:furnace":1,"minecraft:bucket":8,"minecraft:potato":16}},"DataVersion":2586}